<?xml version="1.0" encoding="ISO-8859-1"?><SOAP-ENV:Envelope SOAP-ENV:encodingStyle="http://schemas.xmlsoap.org/soap/encoding/" xmlns:SOAP-ENV="http://schemas.xmlsoap.org/soap/envelope/" xmlns:xsd="http://www.w3.org/2001/XMLSchema" xmlns:xsi="http://www.w3.org/2001/XMLSchema-instance" xmlns:SOAP-ENC="http://schemas.xmlsoap.org/soap/encoding/" xmlns:tns="urn:http://quieromifactura.mx/QA2/web_services/servidorMarket.php"><SOAP-ENV:Body><ns1:ORDENESResponse xmlns:ns1="http://tempuri.org"><return xsi:type="tns:ORDENESResponse"><Estatus xsi:type="xsd:string">EXITO</Estatus><RESTAN xsi:type="xsd:string"></RESTAN><TOTAL xsi:type="xsd:int">2</TOTAL><COMPROBANTES xsi:type="SOAP-ENC:Array" SOAP-ENC:arrayType="unnamed_struct_use_soapval[2]"><item><ORDENES xsi:type="xsd:string">&lt;?xml version=&quot;1.0&quot; encoding=&quot;UTF-8&quot;?&gt;
	&lt;Order xmlns=&quot;https://mws.amazonservices.com/Orders/2013-09-01&quot;&gt;
	&lt;RFC&gt;XAXX010101000&lt;/RFC&gt; &lt;AmazonOrderId&gt;QWERRRRR49&lt;/AmazonOrderId&gt; &lt;SellerOrderId&gt;QWERRRRR49&lt;/SellerOrderId&gt; &lt;PurchaseDate&gt;2021-09-23T14:00:16-05:00&lt;/PurchaseDate&gt; &lt;OrderStatus&gt;Shipped&lt;/OrderStatus&gt; &lt;SalesChannel&gt;WooCommerce&lt;/SalesChannel&gt; &lt;OrderTotal&gt; &lt;CurrencyCode&gt;MXN&lt;/CurrencyCode&gt; &lt;Amount&gt;100.00&lt;/Amount&gt; &lt;/OrderTotal&gt; &lt;NumberOfItemsShipped&gt;1&lt;/NumberOfItemsShipped&gt; &lt;BuyerEmail&gt;sandor@intertic.mx&lt;/BuyerEmail&gt; &lt;UsoCFDI&gt;P01&lt;/UsoCFDI&gt; &lt;FormaPago&gt;01&lt;/FormaPago&gt; &lt;!--AComienzan el xml de conceptos--&gt;&lt;!--AComienzan el xml de conceptos--&gt;&lt;!--AComienzan el xml de conceptos--&gt;&lt;!--AComienzan el xml de conceptos--&gt;&lt;!--AComienzan el xml de conceptos--&gt;
&lt;ListOrderItemsResponse xmlns=&quot;https://mws.amazonservices.com/Orders/2013-09-01&quot;&gt; &lt;ListOrderItemsResult&gt; &lt;AmazonOrderId&gt;QWERRRRR49&lt;/AmazonOrderId&gt; &lt;OrderItems&gt; &lt;OrderItem&gt; &lt;ASIN&gt;25&lt;/ASIN&gt; &lt;Title&gt;Colegiatura Secundaria Octubre&lt;/Title&gt; &lt;QuantityShipped&gt;1&lt;/QuantityShipped&gt; &lt;ItemPrice&gt; &lt;Amount&gt;100.00&lt;/Amount&gt; &lt;/ItemPrice&gt; &lt;ShippingPrice&gt; &lt;Amount&gt;0.00&lt;/Amount&gt; &lt;/ShippingPrice&gt; &lt;PromotionDiscount&gt; &lt;Amount&gt;0.00&lt;/Amount&gt; &lt;/PromotionDiscount&gt; &lt;QuantityOrdered&gt;1&lt;/QuantityOrdered&gt; &lt;/OrderItem&gt; &lt;/OrderItems&gt; &lt;/ListOrderItemsResult&gt; &lt;/ListOrderItemsResponse&gt;&lt;/Order&gt;</ORDENES></item><item><ORDENES xsi:type="xsd:string">&lt;?xml version=&quot;1.0&quot; encoding=&quot;UTF-8&quot;?&gt;
	&lt;Order xmlns=&quot;https://mws.amazonservices.com/Orders/2013-09-01&quot;&gt;
	&lt;RFC&gt;XAXX010101000&lt;/RFC&gt; &lt;AmazonOrderId&gt;RT-00000303&lt;/AmazonOrderId&gt; &lt;SellerOrderId&gt;RT-00000303&lt;/SellerOrderId&gt; &lt;PurchaseDate&gt;2021-9-7&lt;/PurchaseDate&gt; &lt;OrderStatus&gt;Shipped&lt;/OrderStatus&gt; &lt;SalesChannel&gt;WooCommerce&lt;/SalesChannel&gt; &lt;OrderTotal&gt; &lt;CurrencyCode&gt;MXN&lt;/CurrencyCode&gt; &lt;Amount&gt;0.02&lt;/Amount&gt; &lt;/OrderTotal&gt; &lt;NumberOfItemsShipped&gt;2&lt;/NumberOfItemsShipped&gt; &lt;BuyerEmail&gt;info@lidesis.com&lt;/BuyerEmail&gt; &lt;BuyerName&gt;VENTAS AL PUBLICO EN GENERAL&lt;/BuyerName&gt; &lt;UsoCFDI&gt;G03&lt;/UsoCFDI&gt; &lt;FormaPago&gt;01&lt;/FormaPago&gt; &lt;!--AComienzan el xml de conceptos--&gt;&lt;!--AComienzan el xml de conceptos--&gt;&lt;!--AComienzan el xml de conceptos--&gt;&lt;!--AComienzan el xml de conceptos--&gt;&lt;!--AComienzan el xml de conceptos--&gt;
&lt;ListOrderItemsResponse xmlns=&quot;https://mws.amazonservices.com/Orders/2013-09-01&quot;&gt; &lt;ListOrderItemsResult&gt; &lt;AmazonOrderId&gt;RT-00000303&lt;/AmazonOrderId&gt; &lt;OrderItems&gt; &lt;OrderItem&gt; &lt;ASIN&gt;KITANTIGENO&lt;/ASIN&gt; &lt;Title&gt;PRUEBA ANTIGENO&lt;/Title&gt; &lt;QuantityShipped&gt;1.00&lt;/QuantityShipped&gt; &lt;ItemPrice&gt; &lt;Amount&gt;0.01&lt;/Amount&gt; &lt;/ItemPrice&gt; &lt;ShippingPrice&gt; &lt;Amount&gt;0.00&lt;/Amount&gt; &lt;/ShippingPrice&gt; &lt;PromotionDiscount&gt; &lt;Amount&gt;0.00&lt;/Amount&gt; &lt;/PromotionDiscount&gt; &lt;QuantityOrdered&gt;1.00&lt;/QuantityOrdered&gt; &lt;/OrderItem&gt; &lt;OrderItem&gt; &lt;ASIN&gt;KITABBOT&lt;/ASIN&gt; &lt;Title&gt;PRUEBA RAPIDA ANTICUERPOS ABBOTT&lt;/Title&gt; &lt;QuantityShipped&gt;1.00&lt;/QuantityShipped&gt; &lt;ItemPrice&gt; &lt;Amount&gt;0.01&lt;/Amount&gt; &lt;/ItemPrice&gt; &lt;ShippingPrice&gt; &lt;Amount&gt;0.00&lt;/Amount&gt; &lt;/ShippingPrice&gt; &lt;PromotionDiscount&gt; &lt;Amount&gt;0.00&lt;/Amount&gt; &lt;/PromotionDiscount&gt; &lt;QuantityOrdered&gt;1.00&lt;/QuantityOrdered&gt; &lt;/OrderItem&gt; &lt;/OrderItems&gt; &lt;/ListOrderItemsResult&gt; &lt;/ListOrderItemsResponse&gt;&lt;/Order&gt;</ORDENES></item></COMPROBANTES><TOKEN xsi:type="xsd:string"></TOKEN></return></ns1:ORDENESResponse></SOAP-ENV:Body></SOAP-ENV:Envelope>

