
<?xml version="1.0" encoding="ISO-8859-1"?><SOAP-ENV:Envelope SOAP-ENV:encodingStyle="http://schemas.xmlsoap.org/soap/encoding/" xmlns:SOAP-ENV="http://schemas.xmlsoap.org/soap/envelope/" xmlns:xsd="http://www.w3.org/2001/XMLSchema" xmlns:xsi="http://www.w3.org/2001/XMLSchema-instance" xmlns:SOAP-ENC="http://schemas.xmlsoap.org/soap/encoding/" xmlns:tns="urn:http://quieromifactura.mx/QA2/web_services/servidorMarket.php"><SOAP-ENV:Body><ns1:PRODUCTOSResponse xmlns:ns1="http://tempuri.org"><return xsi:type="tns:PRODUCTOSResponse"><Estatus xsi:type="xsd:string">EXITO</Estatus><NOTA1 xsi:type="xsd:string">Articulo ingresado0,0....1</NOTA1></return></ns1:PRODUCTOSResponse></SOAP-ENV:Body></SOAP-ENV:Envelope>
