<?xml version="1.0" encoding="ISO-8859-1"?><SOAP-ENV:Envelope SOAP-ENV:encodingStyle="http://schemas.xmlsoap.org/soap/encoding/" xmlns:SOAP-ENV="http://schemas.xmlsoap.org/soap/envelope/" xmlns:xsd="http://www.w3.org/2001/XMLSchema" xmlns:xsi="http://www.w3.org/2001/XMLSchema-instance" xmlns:SOAP-ENC="http://schemas.xmlsoap.org/soap/encoding/" xmlns:tns="urn:http://quieromifactura.mx/QA2/web_services/servidorMarket.php"><SOAP-ENV:Body><ns1:RequestXMLCFDIResponse xmlns:ns1="http://tempuri.org"><return xsi:type="tns:ResponseXMLCFDI"><Estatus xsi:type="xsd:string">EXITO</Estatus><CFDI xsi:type="xsd:string"></CFDI><Descripcion xsi:type="xsd:string">fue almacenada la peticion </Descripcion></return></ns1:RequestXMLCFDIResponse></SOAP-ENV:Body></SOAP-ENV:Envelope>
